,user,text,favorite_count,retweet_count,created_at
0,elonmusk,@alx This tiny candle of consciousness we have on Earth might be all there is,13181,1066,2023-02-15 09:50:14+00:00
1,elonmusk,@alx Seemed like the right venue,22962,942,2023-02-15 09:43:38+00:00
2,elonmusk,Absolutely https://t.co/PB2xIFYlEG,82011,7108,2023-02-15 05:55:56+00:00
3,elonmusk,@cb_doge üòé,6875,381,2023-02-15 05:42:20+00:00
4,elonmusk,@BillyM2k He is perfect for the job ü§£,16454,744,2023-02-15 03:24:06+00:00
5,elonmusk,And has üî•üî• style https://t.co/9rcEtu9w1Z,259939,15198,2023-02-15 03:21:44+00:00
6,elonmusk,He‚Äôs great with numbers! https://t.co/auv5M1stUS,304501,19470,2023-02-15 03:20:37+00:00
7,elonmusk,So much better than that other guy!,59730,2917,2023-02-15 03:18:43+00:00
8,elonmusk,The new CEO of Twitter is amazing https://t.co/yBqWFUDIQH,593409,45457,2023-02-15 03:17:55+00:00
9,elonmusk,@stillgray @EvaFoxU Allowing users to make some of their Lists optionally public would be great,1852,142,2023-02-15 02:00:29+00:00
10,elonmusk,@Teslaconomics Minus gas tanks,35145,938,2023-02-15 01:49:04+00:00
11,elonmusk,@EvaFoxU @armrods It is still far too difficult to find out that Lists exist and then create them. UI modifications coming to make them easy to discover and offer great lists made by others (like Sp√∂tify playlists).,1336,111,2023-02-15 01:44:19+00:00
12,elonmusk,"Yes, worth noting that accounts you follow on Lists are private https://t.co/B2iqJDZJG8",20172,1384,2023-02-15 01:38:23+00:00
13,elonmusk,@ESYudkowsky @Liv_Boeree Yikes,2284,107,2023-02-15 01:33:10+00:00
14,elonmusk,Twitter pinned lists are great https://t.co/0Yl14bkS5J,18150,1375,2023-02-15 01:31:44+00:00
15,elonmusk,@cb_doge @alifarhat79 High mileage club,1858,124,2023-02-15 01:18:25+00:00
16,elonmusk,@hikingskiing A lot has happened in ten years,9105,411,2023-02-15 00:43:45+00:00
17,elonmusk,@YoungBudgeteer @Jarrad_Hicks @abidc @anothercohen @chefcowboyardee That‚Äôs how I do it,1097,56,2023-02-15 00:37:24+00:00
18,elonmusk,"@alifarhat79 Damn, that‚Äôs impressive bus driving!",13378,344,2023-02-15 00:31:59+00:00
19,elonmusk,@cb_doge @runews Haha exactly. I don‚Äôt even follow them and still I see their articles!,2331,151,2023-02-14 20:09:49+00:00
20,elonmusk,@monitoringbias Science-fiction ftw,5316,225,2023-02-14 19:48:20+00:00
21,elonmusk,@runews Just like other media lol,11481,304,2023-02-14 19:45:02+00:00
22,elonmusk,@BillyM2k I get all my opinions from Twitter,19418,897,2023-02-14 19:42:04+00:00
23,elonmusk,"@WallStreetSilv Low birth rates lead to ghost cities and, eventually, ghost civilizations",44660,3648,2023-02-14 19:40:14+00:00
24,elonmusk,@minliangtan Turns out we just needed to blow on the cartridge https://t.co/0pLkDOYmLe,88969,4307,2023-02-14 18:06:49+00:00
25,elonmusk,@WholeMarsBlog There‚Äôs no substitute for good judgment,7824,435,2023-02-14 17:28:03+00:00
26,elonmusk,@WallStreetSilv A worthy goal @cb_doge!,4983,259,2023-02-14 16:59:25+00:00
27,elonmusk,@cb_doge üç¶ üòã,6616,172,2023-02-14 16:56:01+00:00
28,elonmusk,@SciGuySpace This year should average around 400 tons of useful mass to orbit per quarter,3977,227,2023-02-14 16:44:34+00:00
29,elonmusk,@TrungTPhan @Airbnb,4861,189,2023-02-14 16:38:47+00:00
30,elonmusk,@BillyM2k Nice,4362,186,2023-02-14 16:34:46+00:00
31,elonmusk,@BillyM2k ü§£ü§£,8291,285,2023-02-14 16:32:17+00:00
32,elonmusk,@libsoftiktok My English grandmother taught me that it is disrespectful to use pronouns and that one should always use the person‚Äôs name,108878,6117,2023-02-14 16:31:12+00:00
33,elonmusk,@WholeMarsBlog @GretaThunberg Twilight,5037,205,2023-02-14 16:23:38+00:00
34,elonmusk,‚ô•Ô∏è‚ô•Ô∏è Happy Valentine‚Äôs Day ‚ô•Ô∏è‚ô•Ô∏è,606005,42483,2023-02-14 16:22:37+00:00
35,elonmusk,"@TheChiefNerd @mtaibbi @joerogan RIP Cancel Culture, you won‚Äôt be missed",48879,3534,2023-02-14 16:19:04+00:00
36,elonmusk,@ChrisJBakke Same,5188,131,2023-02-14 16:13:30+00:00
37,elonmusk,Please stay tuned while we make adjustments to the uh .‚Ä¶ ‚Äúalgorithm‚Äù,254463,15253,2023-02-14 08:11:00+00:00
38,elonmusk,@TitterTakeover Well-said,13031,580,2023-02-14 07:11:23+00:00
39,elonmusk,There are no coincidences https://t.co/92Ny452J9B,1005101,86974,2023-02-14 06:11:23+00:00
40,elonmusk,‚ÄúAn empty browser history says more than a full one‚Äù ‚Äì Abraham Lincoln,455648,38491,2023-02-14 06:09:09+00:00
41,elonmusk,https://t.co/iZUukCVrl5,1378658,80259,2023-02-14 05:35:29+00:00
42,elonmusk,@TitterTakeover I did delete all blocks from my account (shouldn‚Äôt affect anyone else),27728,1112,2023-02-14 01:33:20+00:00
43,elonmusk,@Teslarati @ResidentSponge Thanks on behalf of the Tesla team!,52260,1380,2023-02-13 22:59:48+00:00
44,elonmusk,@andst7 Vanity Unfair has fallen so far (sigh). Please bring back Graydon Carter.,46895,1678,2023-02-13 22:10:54+00:00
45,elonmusk,@pedrodias Agreed,6403,167,2023-02-13 22:07:43+00:00
46,elonmusk,@visegrad24 This dude is awesome,86511,1611,2023-02-13 22:07:15+00:00
47,elonmusk,@MikhailaFuller @jordanbpeterson üò†,54009,1572,2023-02-13 22:06:09+00:00
48,elonmusk,@Brian_J_Berger ü§£ü§£ üéàüéà,7999,275,2023-02-13 22:04:38+00:00
49,elonmusk,@TheBabylonBee ü§£,12434,305,2023-02-13 22:03:32+00:00
50,elonmusk,@Anna_Giaritelli Immigrants from China &amp; other Asian countries have made incredible contributions to America,2720,235,2023-02-13 22:02:58+00:00
51,elonmusk,"@Anna_Giaritelli I am very much in favor of hard-working people coming to America, but we can‚Äôt have de facto open borders with no screening. 

Meanwhile, our legal immigration system is super slow &amp; extremely difficult to navigate!",4422,621,2023-02-13 22:01:01+00:00
52,elonmusk,@sreemoytalukdar Fixing the recommendation algorithm is our current top priority. Twitter engineering has been working super hard on this. Proud of the team.,22038,817,2023-02-13 21:56:52+00:00
53,elonmusk,"Looking forward to Tesla Investor Day on March 1. 

By this, we mean the broadest definition of investor, as in the people &amp; life of Earth.

It will be a message of good hope &amp; positivity for the future.",213307,15097,2023-02-13 21:55:18+00:00
54,elonmusk,@cb_doge @daily_stardust Nice,2900,161,2023-02-13 21:50:20+00:00
55,elonmusk,We will prioritize by number of likes times ease of implementation,44584,3691,2023-02-13 21:47:04+00:00
56,elonmusk,What are your top requests for Twitter features &amp; bug fixes?,226170,18836,2023-02-13 21:45:16+00:00
57,elonmusk,@VincentCrypt46 I voted for Biden üòî,101684,3690,2023-02-13 21:39:23+00:00
58,elonmusk,@Rainmaker1973 Wow,20996,507,2023-02-13 21:26:41+00:00
59,elonmusk,@dogeofficialceo ü§£,17563,491,2023-02-13 21:20:13+00:00
60,elonmusk,@farzyness This is the highest Q1 Twitter usage ever and that is after most fake accounts have been suspended,124585,6112,2023-02-13 21:01:18+00:00
61,elonmusk,@farzyness ü§£,17000,388,2023-02-13 19:50:03+00:00
62,elonmusk,@cb_doge @daily_stardust True :),62725,1181,2023-02-13 19:42:23+00:00
63,elonmusk,@GRDecter Dogecoin,188116,8122,2023-02-13 04:20:39+00:00
64,elonmusk,@SahilBloom True words lol,9904,319,2023-02-13 04:08:05+00:00
65,elonmusk,"Halftime Show Super Bowl LVII
https://t.co/i7jwjvyeOJ",127308,10288,2023-02-13 01:28:48+00:00
66,elonmusk,@DrEliDavid üòÇ,14057,515,2023-02-12 22:50:22+00:00
67,elonmusk,@teslaownersSV @RealDanODowd ü§£,7950,252,2023-02-12 22:44:00+00:00
68,elonmusk,@Ali_TeslaMY @DavidSacks Actual reality of lobbying is crazier than the movie!,17482,717,2023-02-12 22:43:42+00:00
69,elonmusk,@cb_doge Crazy that Starship is real!,7793,424,2023-02-12 22:41:47+00:00
70,elonmusk,Good soundtrack https://t.co/8Rw9mtssTI,16399,1269,2023-02-12 22:41:07+00:00
71,elonmusk,"@EvaFoxU @StationCDRKelly SpaceX commercial terminals, like other commercial products, are meant for private use, not military, but we have not exercised our right to turn them off.

We‚Äôre trying hard to do the right thing, where the ‚Äúright thing‚Äù is an extremely difficult moral question.",6720,588,2023-02-12 22:37:25+00:00
72,elonmusk,"@cb_doge Hopefully, one day we will be the aliens visiting other worlds",93512,4307,2023-02-12 22:30:30+00:00
73,elonmusk,Starship orbital launch attempt soon! https://t.co/sjban6T4yA,102703,8169,2023-02-12 22:29:26+00:00
74,elonmusk,"@paulg Absolutely. Twitter is also a competitor to legacy media for news, so they are fundamentally conflicted.",39674,2037,2023-02-12 21:12:27+00:00
75,elonmusk,@romanyam ü§£,2775,107,2023-02-12 21:08:44+00:00
76,elonmusk,@dogeofficialceo @StationCDRKelly Exactly,26564,818,2023-02-12 21:02:52+00:00
77,elonmusk,"@StationCDRKelly You‚Äôre smart enough not to swallow media &amp; other propaganda bs.

Starlink is the communication backbone of Ukraine, especially at the front lines, where almost all other Internet connectivity has been destroyed.

But we will not enable escalation of conflict that may lead to WW3.",202748,15935,2023-02-12 21:00:06+00:00
78,elonmusk,@farzyness Exactly. This will greatly increase public awareness that a Tesla can drive itself (supervised for now).,10627,478,2023-02-12 20:49:54+00:00
79,elonmusk,@DrEliDavid Seriously?,29285,1114,2023-02-12 20:08:27+00:00
80,elonmusk,"More work team completed over night:

- Removed height penalty affecting tweets with pics/video
- increased # of recommended tweets
- Better tracking of dropped tweets
- Removed filter causing false negatives 
- Removed penalty¬†if user follows author
- Improved reach of retweet",30363,2727,2023-02-12 19:01:54+00:00
81,elonmusk,@MuskUniversity Maybe that‚Äôs what bacteria think as they encounter your water filter,11153,433,2023-02-12 18:37:04+00:00
82,elonmusk,@unusual_whales lol,6723,235,2023-02-12 18:34:49+00:00
83,elonmusk,"Don‚Äôt worry, just some of my üëΩ üõ∏ friends of mine stopping by ‚Ä¶",714213,53343,2023-02-12 18:34:07+00:00
84,elonmusk,@BillyM2k ü§£,8100,269,2023-02-12 18:21:51+00:00
85,elonmusk,@WholeMarsBlog Exactly,19199,690,2023-02-12 10:00:23+00:00
86,elonmusk,@BillyM2k ü§£ü§£,3194,141,2023-02-12 08:57:08+00:00
87,elonmusk,@chris_lamma That‚Äôs pretty much exactly what I look like when searching for snacks at 2am,13189,320,2023-02-12 08:54:48+00:00
88,elonmusk,"@markusreimer v11.3 (single stack) goes to limited beta this week. Probably 11.3.2 before wide release in North America.

Then we adapt for EU roads &amp; submit to regulators. 90% of what we‚Äôve done so far for NA applies WW.",6453,573,2023-02-12 08:53:07+00:00
89,elonmusk,https://t.co/2XEyK6leL0,729452,50315,2023-02-12 08:21:15+00:00
90,elonmusk,@engineers_feed lol,9037,305,2023-02-12 08:03:14+00:00
91,elonmusk,@BillyM2k The giant block lists are problematic. They mess up the recommendation system &amp; create a DDoS vector.,12544,814,2023-02-12 07:56:23+00:00
92,elonmusk,"@TitterTakeover We will transition to using only paid Blue Verified for signals, as otherwise too vulnerable to bot/troll manipulation",6326,430,2023-02-12 07:44:12+00:00
93,elonmusk,@LeahLamarr ü§£,21895,427,2023-02-12 07:06:53+00:00
94,elonmusk,"@MarcusHouse Anecdotally, it wasn‚Äôt as loud as expected",5064,214,2023-02-12 06:56:30+00:00
95,elonmusk,"@cb_doge Yes. Advertising also needs to be semantic keyword-based, so it‚Äôs contextually relevant. Amazingly, ads shown when doing twitter searches don‚Äôt consider the search words! We‚Äôre changing that as fast as possible.",2607,218,2023-02-12 06:52:15+00:00
96,elonmusk,[Oversized font &amp; undersized paragraph spacing will be fixed this week],38426,2305,2023-02-12 06:46:55+00:00
97,elonmusk,"Long day at Twitter HQ with eng team

Two significant problems mostly addressed:

1. Fanout service for Following feed was getting overloaded when I tweeted, resulting in up to 95% of my tweets not getting delivered at all. Following is now pulling from search (aka Earlybird).‚Ä¶ https://t.co/oMW54chhRz",123900,10031,2023-02-12 06:45:14+00:00
98,elonmusk,@BuckSexton Well-said,9853,531,2023-02-12 06:13:12+00:00
99,elonmusk,@ClownWorld_ True,31677,1231,2023-02-12 06:11:48+00:00
100,elonmusk,@stats_feed Certainly feels that way,8664,322,2023-02-12 05:04:24+00:00
101,elonmusk,Starship Super Heavy https://t.co/DgufvqgWCC,169189,9964,2023-02-12 04:29:17+00:00
102,elonmusk,@alx @zerohedge ü§®,35672,1693,2023-02-12 02:45:36+00:00
103,elonmusk,@JaxMicrowave @tuxlemons @EndWokeness ü§£,2071,116,2023-02-12 02:39:04+00:00
104,elonmusk,@BenFrankzyn @joerogan @SpaceForceDoD ü§£,11145,420,2023-02-12 01:38:11+00:00
105,elonmusk,@disclosetv Extremely concerning,126354,7343,2023-02-12 00:21:15+00:00
106,elonmusk,"@MuskUniversity This is the fundamental reason why Tesla was the first new American car company to reach sustained positive cash flow since Chrysler ~100 years ago.

The product has to be compelling enough to overcome a fundamental cost disadvantage.",15235,940,2023-02-11 23:21:33+00:00
107,elonmusk,@WholeMarsBlog Exactly,6554,360,2023-02-11 22:21:08+00:00
108,elonmusk,@teslaownersSV Great Tesla Solar Roof install!,15439,678,2023-02-11 22:19:45+00:00
109,elonmusk,"@RuaneFootball Periscope does partly live on with Spaces, but no question that we need to bring back an even better version of vine",15800,815,2023-02-11 21:11:01+00:00
110,elonmusk,@EvaFoxU Absolutely!!,16297,647,2023-02-11 20:04:48+00:00
111,elonmusk,@MuskUniversity Consciousness should be thought of as a tiny candle in a vast darkness that could easily go out. We should do anything possible to keep that flame alive.,52494,4912,2023-02-11 19:59:52+00:00
112,elonmusk,Some of the smartest people I know actively believe the press ‚Ä¶ amazing,476396,52123,2023-02-11 16:00:43+00:00
113,elonmusk,@JDHaltigan WaPo needs a thorough housecleaning,51198,4460,2023-02-11 14:28:12+00:00
114,elonmusk,@LucentEnergy @teslasolarroof Beautiful work!,8698,403,2023-02-11 14:27:09+00:00
115,elonmusk,@esherifftv üòÇ,6044,231,2023-02-11 14:26:25+00:00
116,elonmusk,This test is at ~50% throttle. Launch attempt next month will be at ~90%. https://t.co/oMrnBIiBjY,71157,5762,2023-02-11 14:19:33+00:00
117,elonmusk,"@cb_doge Yeah, those are great features",6259,349,2023-02-11 13:36:42+00:00
118,elonmusk,@jgebbia üáØüáµüáØüáµ Great decision by Japan! üáØüáµüáØüáµ,34523,1993,2023-02-10 21:41:02+00:00
119,elonmusk,@Doritos Try out the Doritos pyramid scheme :),13942,708,2023-02-10 21:39:58+00:00
120,elonmusk,@cb_doge @Twitter @mayemusk @Tesla @SpaceX Top change requests and features?,62222,3101,2023-02-10 20:59:41+00:00
121,elonmusk,@cb_doge @Twitter @mayemusk @Tesla @SpaceX üî•üî•,8074,357,2023-02-10 20:58:55+00:00
122,elonmusk,https://t.co/Q1VvqV5G0i https://t.co/YjGzTgmoJv,38207,3495,2023-02-10 20:55:20+00:00
123,elonmusk,@Hyundai @kevinbacon Press the heart,3804,150,2023-02-10 20:11:40+00:00
124,elonmusk,@TheBabylonBee ü§£,12911,457,2023-02-10 18:19:42+00:00
125,elonmusk,@DriveTeslaca Sigh,20558,681,2023-02-10 18:18:57+00:00
126,elonmusk,https://t.co/DyLoEI0Rps,21319,1411,2023-02-10 18:11:27+00:00
127,elonmusk,@teslaownersSV It will change the look of the roads,65474,2663,2023-02-10 17:41:54+00:00
128,elonmusk,@RiaRevealed Legacy blue checks will be removed soon. Those are the ones that are truly corrupt.,124761,9635,2023-02-10 17:26:46+00:00
129,elonmusk,And making a day in the life videos https://t.co/Rfx2qJTKvp,66489,5209,2023-02-10 17:12:13+00:00
130,elonmusk,@BillyM2k ü§£ü§£,17796,643,2023-02-10 17:09:24+00:00
131,elonmusk,"@WholeMarsBlog Yeah, the format is terrible. Update early next week.",22455,1055,2023-02-10 11:37:23+00:00
132,elonmusk,.,273294,17991,2023-02-10 01:57:35+00:00
133,elonmusk,"@CatherinScience I must admit to being congenitally optimistic (SpaceX &amp; Tesla wouldn‚Äôt exist otherwise), but I think 5 years is possible and 10 years is highly likely",9398,725,2023-02-09 23:23:11+00:00
134,elonmusk,"One day, Starship will take us to Mars https://t.co/oMrnBIiBjY",128123,11481,2023-02-09 23:12:19+00:00
135,elonmusk,"Team turned off 1 engine just before start &amp; 1 stopped itself, so 31 engines fired overall.

But still enough engines to reach orbit! https://t.co/QYx3oVM4Gw",63098,5736,2023-02-09 21:20:11+00:00
136,elonmusk,Attempting Starship 33 engine static fire https://t.co/FJ3tLsnlck,37389,3311,2023-02-09 21:00:10+00:00
137,elonmusk,@BillyM2k Yes!,11589,522,2023-02-09 20:03:08+00:00
138,elonmusk,"@WholeMarsBlog Too many journalists want to shape your opinion, rather than inform you",181264,20552,2023-02-09 18:47:36+00:00
139,elonmusk,@TrungTPhan It‚Äôs legit day 3 at this point,11418,445,2023-02-09 18:22:11+00:00
140,elonmusk,@TrungTPhan ü§£,4412,171,2023-02-09 18:21:23+00:00
141,elonmusk,@B_Morrows Exactly,4108,308,2023-02-09 08:24:24+00:00
142,elonmusk,@Rainmaker1973 That engine performed an incredible number of transformations to match Mach number!,14279,620,2023-02-09 08:17:05+00:00
143,elonmusk,https://t.co/5cgHGSirJd,20043,2339,2023-02-09 07:57:19+00:00
144,elonmusk,Recommendation algorithm should be fixed tomorrow,149961,10638,2023-02-09 07:51:56+00:00
145,elonmusk,The Woke Stasi felt the heat today üî•,208387,19961,2023-02-09 07:48:10+00:00
146,elonmusk,@BillyM2k @ZubyMusic Multiple internal &amp; external issues simultaneously today. Should be fully back on track later tonight.,8986,1090,2023-02-09 05:03:08+00:00
147,elonmusk,"@JonathanTurley Since he placed many of them there himself, he would indeed not be ‚Äúsurprised‚Äù lmao",60066,5798,2023-02-09 04:59:58+00:00
148,elonmusk,@BillyM2k My pet theory is that too much Adderall is making people grumpy üòÇ https://t.co/HscbKgPRCP,9034,716,2023-02-09 04:49:54+00:00
149,elonmusk,Twitter has been informed by the Turkish government that access will be reenabled shortly,320163,26065,2023-02-08 23:55:36+00:00
150,elonmusk,@JonathanTurley Very concerning,18149,1189,2023-02-08 20:31:02+00:00
151,elonmusk,@WholeMarsBlog True,19906,619,2023-02-08 19:43:21+00:00
152,elonmusk,@FonsDK We are reaching out to understand more,33268,2398,2023-02-08 19:42:41+00:00
153,elonmusk,@Lukewearechange Not a completely unblemished record,33187,1427,2023-02-08 18:18:12+00:00
154,elonmusk,@charliebilello How times have changed,56282,2175,2023-02-08 18:14:16+00:00
155,elonmusk,@WholeMarsBlog ü§£ü§£,4559,190,2023-02-08 18:04:53+00:00
156,elonmusk,@WholeMarsBlog FSD 11.3 is close to limited release. Just drove it through SF &amp; LA yesterday. Probably 11.3.2 is able to go wide.,13711,802,2023-02-08 18:01:31+00:00
157,elonmusk,@farzyness ü§£,13517,412,2023-02-08 08:33:51+00:00
158,elonmusk,@unusual_whales Cracks me up every time ü§£,25742,958,2023-02-08 07:06:29+00:00
159,elonmusk,@engineers_feed Voxel size of the simulation,4344,237,2023-02-08 05:21:10+00:00
160,elonmusk,"@engineers_feed Arguably, the practical limit of pi is the number of digits required to measure radius of the universe in units of Planck length https://t.co/4R8wIL0FzS",15034,1062,2023-02-08 05:20:25+00:00
161,elonmusk,@AutismCapital Plausible,7812,474,2023-02-08 05:08:44+00:00
162,elonmusk,üéØ https://t.co/jL5fjQxTcz,375566,36590,2023-02-08 04:50:51+00:00
163,elonmusk,"Master Plan 3, the path to a fully sustainable energy future for Earth will be presented on March 1. 

The future is bright! https://t.co/11ug0LRlbD",153666,19383,2023-02-08 02:49:44+00:00
164,elonmusk,.,375162,23810,2023-02-08 01:03:17+00:00
165,elonmusk,@iamirishdave @MKBHD ü§£,2386,86,2023-02-07 23:50:38+00:00
166,elonmusk,"@KanekoaTheGreat Wow, Stengel is explicitly saying that GEC is deceiving the American public! That‚Äôs what ‚Äúpropaganda‚Äù means.

What he forgot to mention is that GEC was used to sway US elections. @DOJPH",36558,8797,2023-02-07 20:40:01+00:00
167,elonmusk,@ggreenwald Based bias,41030,2054,2023-02-07 18:49:29+00:00
168,elonmusk,@venturetwins I am DAN!,3861,319,2023-02-07 17:49:02+00:00
169,elonmusk,@venturetwins !,8669,329,2023-02-07 17:47:17+00:00
170,elonmusk,"Going forward, Twitter will be broadly accepting of different values, rather than trying to impose its own specific values on the world",426840,40828,2023-02-07 17:41:38+00:00
171,elonmusk,@growing_daniel ü§£,4925,178,2023-02-07 17:29:30+00:00
172,elonmusk,"@MattMackowiak @Twitter @DavidSacks This is being fixed. Policy against showing blood in profile pic is being amended to ‚Äúclearly showing blood without clicking on the profile pic‚Äù.

The intent is to avoid people being forced to see gruesome profile pics.",36270,1687,2023-02-07 17:14:59+00:00
173,elonmusk,"@braxton_mccoy @ShitpostGate If they really arrested a kid for that, it‚Äôs silly. Hopefully not.",60632,2267,2023-02-07 17:03:38+00:00
174,elonmusk,I feel this one https://t.co/MIzDvpIoWj,50083,3912,2023-02-07 05:25:48+00:00
175,elonmusk,https://t.co/tiPbKP8B77,248948,22554,2023-02-07 05:13:58+00:00
176,elonmusk,@XanderSchiassi @EvaFoxU Good point,1468,83,2023-02-07 05:06:55+00:00
177,elonmusk,@JackBox @jackinthebox My bro and I mostly ate at the Palo Alto Jack in the Box while building Zip2. It was affordable due to some food hygiene issues (subsequently corrected!) and open late at night.,1982,126,2023-02-07 05:05:03+00:00
178,elonmusk,@WallStreetSilv !,3425,195,2023-02-07 04:57:28+00:00
179,elonmusk,Actual base level of Maslow‚Äôs hierarchy is lack of wifi,114533,10247,2023-02-07 04:26:34+00:00
180,elonmusk,@TrevMcKendrick Guess people love home improvement,7546,320,2023-02-07 04:17:42+00:00
181,elonmusk,@dogeofficialceo ü§£,10995,348,2023-02-07 03:00:44+00:00
182,elonmusk,@KanekoaTheGreat @mtaibbi @ggreenwald @ShellenbergerMD Of course he‚Äôd like it ‚Äì he created it!,9240,894,2023-02-07 02:38:57+00:00
183,elonmusk,"@GailAlfarATX @ClownWorld_ If that‚Äôs satan, we have nothing to worry about",21372,1123,2023-02-07 02:36:36+00:00
